Disease,Symptoms,Medicines,Brand Names,Dosages,Prices (INR)
Diabetes,"Frequent urination, excessive thirst, fatigue","Metformin, Insulin","Glycomet, Humulin","500mg, 100IU/ml","50, 300"
Hypertension,"Headache, dizziness, blurred vision","Amlodipine, Lisinopril","Amlovas, Zestril","5mg, 10mg","30, 40"
Asthma,"Shortness of breath, wheezing, chest tightness","Salbutamol, Montelukast","Asthalin, Montair","2mg, 10mg","20, 100"
Malaria,"Fever, chills, sweating, nausea","Artemether-Lumefantrine, Chloroquine","Coartem, Resochin","20mg/120mg, 250mg","200, 150"
Tuberculosis,"Cough, weight loss, night sweats, fever","Rifampin, Isoniazid","Rifadin, Isonex","450mg, 300mg","250, 100"
Dengue,"High fever, severe headache, joint pain","Paracetamol, IV fluids","Crocin, Normal Saline","500mg, 500ml","15, 50"
Typhoid,"Prolonged fever, abdominal pain, loss of appetite","Ceftriaxone, Azithromycin","Cefaxone, Azee","1g, 500mg","200, 100"
COVID-19,"Fever, cough, loss of taste and smell","Paracetamol, Remdesivir","Crocin, Covifor","500mg, 100mg","15, 5000"
Influenza,"Fever, chills, muscle aches, sore throat","Oseltamivir, Zanamivir","Tamiflu, Relenza","75mg, 5mg","300, 400"
Migraine,"Severe headache, nausea, sensitivity to light","Sumatriptan, Ibuprofen","Suminat, Brufen","50mg, 400mg","200, 30"
Arthritis,"Joint pain, stiffness, swelling","Ibuprofen, Naproxen","Brufen, Naprosyn","400mg, 500mg","30, 50"
Pneumonia,"Cough, chest pain, difficulty breathing","Amoxicillin, Azithromycin","Amoxil, Azee","500mg, 500mg","100, 100"
Common Cold,"Runny nose, sore throat, sneezing","Paracetamol, Antihistamines","Crocin, Cetirizine","500mg, 10mg","15, 20"
Anemia,"Fatigue, pale skin, dizziness","Iron supplements, Vitamin B12","Feronia, Cobal","100mg, 1000mcg","50, 100"
Heart Disease,"Chest pain, shortness of breath, fatigue","Aspirin, Atorvastatin","Ecosprin, Atorva","75mg, 10mg","10, 50"
Kidney Disease,"Swelling, fatigue, high blood pressure","ACE inhibitors, Diuretics","Enalapril, Lasix","5mg, 40mg","30, 20"
Hepatitis B,"Jaundice, nausea, dark urine","Tenofovir, Entecavir","Viread, Baraclude","300mg, 0.5mg","500, 600"
Gastritis,"Stomach pain, bloating, nausea","Omeprazole, Ranitidine","Omez, Zinetac","20mg, 150mg","30, 20"
Peptic Ulcer,"Burning stomach pain, bloating, nausea","Pantoprazole, Clarithromycin","Pantocid, Claribid","40mg, 500mg","50, 100"
Epilepsy,"Seizures, confusion, temporary unconsciousness","Carbamazepine, Valproic Acid","Tegretol, Encorate","200mg, 500mg","150, 200"
Alzheimer's,"Memory loss, confusion, difficulty in thinking","Donepezil, Memantine","Aricept, Mentadem","5mg, 10mg","300, 400"
Parkinson's,"Tremors, slow movement, balance issues","Levodopa, Carbidopa","Sinemet, Sinemet","100mg, 25mg","500, 500"
Obesity,"Excess body weight, fatigue, high cholesterol","Orlistat, Metformin","Orlistat, Glycomet","120mg, 500mg","300, 50"
Hyperthyroidism,"Weight loss, rapid heartbeat, sweating","Methimazole, Propylthiouracil","Thyrozol, Propylthiouracil","5mg, 50mg","50, 100"
Hypothyroidism,"Fatigue, weight gain, dry skin",Levothyroxine,Thyronorm,50mcg,50
Psoriasis,"Itchy, red, scaly skin patches","Topical corticosteroids, Methotrexate","Betnovate, Methotrexate","0.1%, 2.5mg","100, 200"
Eczema,"Itchy, dry, cracked skin","Moisturizers, Hydrocortisone","Vaseline, Cortisol","100ml, 1%","150, 50"
Depression,"Persistent sadness, lack of energy, sleep issues","Sertraline, Fluoxetine","Zoloft, Prozac","50mg, 20mg","100, 150"
Anxiety,"Excessive worry, restlessness, rapid heartbeat","Alprazolam, Diazepam","Alprax, Calmpose","0.5mg, 5mg","50, 30"
Schizophrenia,"Hallucinations, delusions, disorganized speech","Risperidone, Olanzapine","Risperdal, Olanex","2mg, 5mg","100, 150"
HIV/AIDS,"Fatigue, weight loss, frequent infections","Tenofovir, Efavirenz","Viread, Efavirenz","300mg, 600mg","500, 500"
Gonorrhea,"Painful urination, discharge, swelling","Ceftriaxone, Azithromycin","Cefaxone, Azee","1g, 500mg","200, 100"
Syphilis,"Sores, rash, fever",Penicillin G,Penicillin G,1MU,100
Chlamydia,"Painful urination, discharge, lower abdominal pain","Azithromycin, Doxycycline","Azee, Doxy-1","500mg, 100mg","100, 50"
Bronchitis,"Cough with mucus, fatigue, chest discomfort","Amoxicillin, Bronchodilators","Amoxil, Ventolin","500mg, 100mcg","100, 200"
Sinusitis,"Facial pain, nasal congestion, headache","Nasal decongestants, Antibiotics","Otrivin, Augmentin","0.1%, 625mg","50, 200"
Otitis Media,"Ear pain, hearing loss, fluid drainage","Amoxicillin, Ibuprofen","Amoxil, Brufen","500mg, 400mg","100, 30"
Conjunctivitis,"Red eyes, itching, discharge","Antibiotic eye drops, Antihistamines","Tobramycin, Cetirizine","0.3%, 10mg","100, 20"
Glaucoma,"Blurred vision, eye pain, nausea","Timolol, Latanoprost","Timolol, Latanoprost","0.5%, 0.005%","100, 200"
Cataracts,"Cloudy vision, difficulty in night vision",Surgery,Cataract Surgery,,30000
Lyme Disease,"Fever, headache, fatigue, skin rash","Doxycycline, Amoxicillin","Doxy-1, Amoxil","100mg, 500mg",50
Hepatitis C,"Fatigue, jaundice, abdominal pain","Sofosbuvir, Ribavirin","Sovaldi, Ribavirin","400mg, 200mg",1000
Osteoporosis,"Bone pain, fractures, loss of height","Alendronate, Calcium supplements","Fosamax, Caltrate","70mg, 500mg",200
Fibromyalgia,"Widespread pain, fatigue, sleep disturbances","Pregabalin, Duloxetine","Lyrica, Cymbalta","75mg, 30mg",300
Multiple Sclerosis,"Numbness, weakness, vision problems","Interferon beta, Glatiramer acetate","Avonex, Copaxone","30mcg, 20mg",5000
Gout,"Intense joint pain, swelling, redness","Allopurinol, Colchicine","Zyloprim, Colcrys","100mg, 0.6mg",100
Chronic Fatigue Syndrome,"Extreme fatigue, muscle pain, memory issues","Antidepressants, Sleep aids","Amitriptyline, Zolpidem","25mg, 5mg",50
Irritable Bowel Syndrome (IBS),"Abdominal pain, bloating, diarrhea or constipation","Antispasmodics, Laxatives","Dicyclomine, Miralax","10mg, 17g",30
Lupus,"Joint pain, rash, fatigue","Hydroxychloroquine, Prednisone","Plaquenil, Deltasone","200mg, 5mg",100
Rheumatoid Arthritis,"Joint pain, swelling, stiffness","Methotrexate, Hydroxychloroquine","Trexall, Plaquenil","2.5mg, 200mg",100
Shingles,"Painful rash, blisters, itching","Acyclovir, Pain relievers","Zovirax, Ibuprofen","800mg, 400mg",200
Tetanus,"Muscle stiffness, spasms, lockjaw","Tetanus toxoid, Antibiotics","TT Vaccine, Penicillin","0.5ml, 1MU",50
Whooping Cough,"Severe cough, runny nose, fever","Antibiotics, Cough suppressants","Azithromycin, Dextromethorphan","500mg, 15mg",100
Yellow Fever,"Fever, chills, headache, jaundice","Supportive care, Vaccination",YF-Vax,0.5ml,500
Leukemia,"Fatigue, weight loss, frequent infections","Chemotherapy, Targeted therapy","Imatinib, Rituximab","400mg, 500mg",5000
Melanoma,"Unusual moles, skin changes, itching","Surgery, Immunotherapy","Keytruda, Opdivo","100mg, 40mg",10000
Prostate Cancer,"Urinary issues, pelvic pain, bone pain","Hormone therapy, Chemotherapy","Leuprolide, Docetaxel","22.5mg, 75mg/m²",5000
Breast Cancer,"Lump in breast, nipple discharge, skin changes","Surgery, Chemotherapy","Tamoxifen, Herceptin","20mg, 440mg",2000
Ovarian Cancer,"Abdominal bloating, pelvic pain, weight loss","Surgery, Chemotherapy","Carboplatin, Paclitaxel","450mg, 175mg/m²",3000
Pancreatic Cancer,"Abdominal pain, jaundice, weight loss","Surgery, Chemotherapy","Gemcitabine, Erlotinib","1000mg/m², 100mg",4000
Colorectal Cancer,"Blood in stool, abdominal pain, weight loss","Surgery, Chemotherapy","Capecitabine, Oxaliplatin","1500mg/m², 130mg/m²",3000
Constipation,"Weight loss, Fatigue, Chills, Joint pain","Azithromycin, Paracetamol","Claritine, Brufen","1g, 500mg","100, 20"
Flu,"Rash, Chest tightness, Headache, Shortness of breath","Amoxicillin, Omeprazole","Flagyl, Claritine","10mg, 1g","150, 100"
Indigestion,"Sore throat, Fatigue, Itching, Chest tightness","Loratadine, Paracetamol","Claritine, Crocin","1g, 200mg","30, 100"
Dengue,"Rash, Chills, Pain, Fever","Azithromycin, Amoxicillin","Brufen, Claritine","200mg, 5mg","20, 150"
Cholera,"Chills, Itching, Pain, Headache","Metronidazole, Ciprofloxacin","Zinetac, Crocin","1g, 5mg","200, 150"
Anxiety,"Vomiting, Sore throat, Fever, Headache","Azithromycin, Omeprazole","Alerid, Omez","100mg, 250mg","150, 75"
Acne,"Fever, Cough, Shortness of breath, Sore throat","Metronidazole, Paracetamol","Alerid, Omez","5mg, 100mg","75, 30"
Dengue,"Chest tightness, Pain, Joint pain, Fatigue","Omeprazole, Loratadine","Zinetac, Ciplox","200mg, 100mg","50, 30"
Chickenpox,"Sweating, Cough, Chills, Nausea","Metronidazole, Ranitidine","Flagyl, Omez","100mg, 1g","200, 20"
Anxiety,"Fever, Chest tightness, Dizziness, Sweating","Cetirizine, Ranitidine","Omez, Zinetac","250mg, 100mg","20, 200"
Epilepsy,"Rash, Weight loss, Joint pain, Fever","Metronidazole, Paracetamol","Crocin, Zinetac","200mg, 1g","20, 100"
Common Cold,"Dizziness, Nausea, Headache, Vomiting","Ibuprofen, Amoxicillin","Zinetac, Ciplox","10mg, 1g","200, 30"
Cholera,"Sweating, Sore throat, Headache, Nausea","Omeprazole, Ranitidine","Ciplox, Claritine","500mg, 100mg","150, 30"
Common Cold,"Joint pain, Itching, Fever, Cough","Cetirizine, Omeprazole","Ciplox, Omez","200mg, 250mg","200, 30"
Chickenpox,"Shortness of breath, Fever, Weight loss, Cough","Azithromycin, Ciprofloxacin","Claritine, Azithral","5mg, 100mg","20, 75"
Constipation,"Chills, Pain, Shortness of breath, Cough","Paracetamol, Amoxicillin","Flagyl, Ciplox","200mg, 5mg","200, 75"
Glaucoma,"Fever, Fatigue, Vomiting, Cough","Cetirizine, Ranitidine","Brufen, Azithral","100mg, 10mg","50, 30"
Common Cold,"Rash, Dizziness, Headache, Fatigue","Ciprofloxacin, Paracetamol","Crocin, Omez","100mg, 1g","150, 200"
Allergy,"Rash, Fever, Chest tightness, Cough","Ranitidine, Azithromycin","Azithral, Claritine","500mg, 1g","100, 75"
Hepatitis,"Dizziness, Shortness of breath, Headache, Fatigue","Ibuprofen, Cetirizine","Azithral, Flagyl","250mg, 10mg","50, 200"
Hepatitis,"Shortness of breath, Pain, Chills, Fever","Omeprazole, Amoxicillin","Alerid, Crocin","1g, 500mg","75, 100"
Bronchitis,"Nausea, Dizziness, Chest tightness, Sweating","Metronidazole, Omeprazole","Omez, Crocin","500mg, 250mg","20, 30"
Epilepsy,"Joint pain, Sweating, Vomiting, Headache","Loratadine, Cetirizine","Omez, Azithral","100mg, 250mg","100, 50"
Ear Infection,"Fever, Nausea, Dizziness, Sore throat","Ranitidine, Omeprazole","Claritine, Brufen","250mg, 100mg","100, 150"
Chickenpox,"Shortness of breath, Dizziness, Sore throat, Vomiting","Ciprofloxacin, Paracetamol","Zinetac, Brufen","100mg, 200mg","50, 75"
Gastritis,"Nausea, Rash, Dizziness, Shortness of breath","Ibuprofen, Ciprofloxacin","Brufen, Flagyl","200mg, 1g","75, 100"
Epilepsy,"Weight loss, Sore throat, Pain, Dizziness","Ranitidine, Loratadine","Alerid, Crocin","200mg, 100mg","150, 50"
Glaucoma,"Sore throat, Headache, Weight loss, Dizziness","Azithromycin, Ranitidine","Claritine, Omez","250mg, 500mg","100, 75"
Alzheimer's,"Pain, Dizziness, Sweating, Sore throat","Metronidazole, Paracetamol","Claritine, Brufen","250mg, 10mg","75, 200"
Acne,"Rash, Weight loss, Nausea, Headache","Metronidazole, Azithromycin","Zinetac, Claritine","250mg, 200mg","30, 20"
HIV,"Rash, Cough, Chest tightness, Fever","Amoxicillin, Ciprofloxacin","Crocin, Omez","200mg, 500mg","20, 100"
Hepatitis,"Weight loss, Pain, Rash, Sweating","Loratadine, Ciprofloxacin","Crocin, Flagyl","100mg, 5mg","75, 50"
Glaucoma,"Dizziness, Nausea, Chest tightness, Joint pain","Amoxicillin, Ranitidine","Brufen, Omez","200mg, 1g","150, 100"
Indigestion,"Chills, Fatigue, Rash, Shortness of breath","Ciprofloxacin, Metronidazole","Augmentin, Zinetac","500mg, 10mg","75, 50"
Chickenpox,"Joint pain, Weight loss, Fever, Shortness of breath","Metronidazole, Omeprazole","Azithral, Zinetac","200mg, 10mg","100, 200"
Cholera,"Shortness of breath, Headache, Rash, Chest tightness","Omeprazole, Azithromycin","Alerid, Flagyl","1g, 200mg","150, 100"
Back Pain,"Joint pain, Chills, Sweating, Itching","Loratadine, Cetirizine","Flagyl, Augmentin","500mg, 10mg","20, 200"
Dengue,"Dizziness, Weight loss, Pain, Rash","Ibuprofen, Ciprofloxacin","Azithral, Flagyl","500mg, 10mg","150, 100"
Common Cold,"Fatigue, Pain, Nausea, Cough","Ranitidine, Paracetamol","Brufen, Azithral","10mg, 200mg","150, 30"
Cholera,"Rash, Cough, Sweating, Headache","Ciprofloxacin, Loratadine","Omez, Flagyl","200mg, 5mg","150, 75"
Hepatitis,"Fatigue, Cough, Shortness of breath, Chest tightness","Cetirizine, Ciprofloxacin","Azithral, Ciplox","1g, 5mg","200, 30"
Epilepsy,"Headache, Cough, Vomiting, Itching","Omeprazole, Loratadine","Augmentin, Claritine","500mg, 5mg","200, 75"
Dengue,"Itching, Sweating, Cough, Nausea","Omeprazole, Cetirizine","Zinetac, Ciplox","100mg, 5mg","30, 150"
Alzheimer's,"Itching, Vomiting, Rash, Shortness of breath","Omeprazole, Ranitidine","Alerid, Crocin","500mg, 10mg","50, 200"
Gastritis,"Sore throat, Shortness of breath, Pain, Cough","Cetirizine, Omeprazole","Ciplox, Omez","100mg, 200mg","30, 100"
Dengue,"Dizziness, Weight loss, Fatigue, Headache","Cetirizine, Paracetamol","Flagyl, Augmentin","5mg, 100mg","75, 20"
Allergy,"Rash, Weight loss, Dizziness, Fever","Ranitidine, Metronidazole","Zinetac, Azithral","5mg, 100mg","200, 50"
Common Cold,"Cough, Pain, Vomiting, Itching","Ranitidine, Ibuprofen","Ciplox, Flagyl","1g, 250mg","30, 20"
Chickenpox,"Shortness of breath, Pain, Chills, Weight loss","Ibuprofen, Amoxicillin","Azithral, Claritine","250mg, 1g","30, 100"
Gastritis,"Cough, Sore throat, Pain, Nausea","Amoxicillin, Azithromycin","Azithral, Claritine","250mg, 5mg","50, 30"
Acne,"Sweating, Fatigue, Dizziness, Itching","Paracetamol, Omeprazole","Omez, Flagyl","10mg, 200mg","150, 75"
Anxiety,"Shortness of breath, Fever, Dizziness, Joint pain","Omeprazole, Loratadine","Ciplox, Brufen","200mg, 1g","20, 100"
Epilepsy,"Weight loss, Rash, Chest tightness, Sweating","Ibuprofen, Metronidazole","Crocin, Zinetac","100mg, 200mg","200, 100"
Eye Infection,"Weight loss, Pain, Vomiting, Sweating","Loratadine, Azithromycin","Brufen, Zinetac","10mg, 200mg","75, 150"
Chickenpox,"Joint pain, Vomiting, Fever, Itching","Loratadine, Ranitidine","Crocin, Omez","500mg, 250mg","20, 50"
COVID-19,"Joint pain, Weight loss, Sore throat, Dizziness","Ranitidine, Omeprazole","Augmentin, Alerid","500mg, 200mg","150, 30"
Insomnia,"Vomiting, Shortness of breath, Chills, Rash","Omeprazole, Metronidazole","Ciplox, Flagyl","500mg, 1g","150, 50"
Anxiety,"Headache, Sweating, Sore throat, Vomiting","Cetirizine, Ranitidine","Omez, Brufen","10mg, 500mg","200, 20"
Hepatitis,"Chills, Dizziness, Headache, Joint pain","Paracetamol, Ibuprofen","Zinetac, Brufen","10mg, 250mg","20, 75"
COVID-19,"Itching, Nausea, Fatigue, Sweating","Cetirizine, Paracetamol","Ciplox, Claritine","100mg, 10mg","75, 200"
Gastritis,"Itching, Headache, Vomiting, Nausea","Loratadine, Omeprazole","Augmentin, Brufen","200mg, 100mg","50, 150"
Chickenpox,"Nausea, Fever, Sore throat, Chills","Ciprofloxacin, Omeprazole","Zinetac, Flagyl","5mg, 500mg","75, 30"
Gout,"Nausea, Headache, Shortness of breath, Chills","Amoxicillin, Paracetamol","Zinetac, Crocin","250mg, 500mg","75, 20"
Glaucoma,"Itching, Joint pain, Shortness of breath, Fever","Azithromycin, Ranitidine","Omez, Claritine","200mg, 1g","50, 30"
Cholera,"Sweating, Pain, Dizziness, Shortness of breath","Ciprofloxacin, Paracetamol","Flagyl, Ciplox","1g, 250mg","150, 100"
Flu,"Nausea, Pain, Itching, Weight loss","Amoxicillin, Ciprofloxacin","Claritine, Crocin","5mg, 10mg","100, 20"
Cholera,"Sweating, Nausea, Dizziness, Headache","Ibuprofen, Cetirizine","Flagyl, Augmentin","5mg, 100mg","50, 150"
Constipation,"Sore throat, Headache, Cough, Chills","Paracetamol, Ranitidine","Alerid, Brufen","250mg, 200mg","30, 150"
Insomnia,"Cough, Dizziness, Weight loss, Pain","Ranitidine, Loratadine","Alerid, Brufen","250mg, 100mg","75, 20"
Acne,"Vomiting, Weight loss, Sweating, Pain","Amoxicillin, Metronidazole","Zinetac, Azithral","5mg, 500mg","200, 150"
Gout,"Chills, Shortness of breath, Cough, Chest tightness","Azithromycin, Cetirizine","Ciplox, Zinetac","10mg, 1g","50, 75"
Gout,"Shortness of breath, Fatigue, Nausea, Chest tightness","Cetirizine, Azithromycin","Flagyl, Crocin","100mg, 5mg","75, 150"
Gastritis,"Nausea, Chills, Pain, Headache","Amoxicillin, Ibuprofen","Zinetac, Claritine","5mg, 200mg","75, 20"
Gout,"Pain, Sweating, Chest tightness, Rash","Ciprofloxacin, Ranitidine","Alerid, Zinetac","500mg, 1g","50, 200"
Common Cold,"Itching, Vomiting, Rash, Sweating","Paracetamol, Omeprazole","Zinetac, Claritine","10mg, 100mg","50, 20"
Cholera,"Weight loss, Sweating, Shortness of breath, Cough","Ranitidine, Azithromycin","Brufen, Azithral","1g, 5mg","30, 75"
Ear Infection,"Chills, Itching, Weight loss, Joint pain","Loratadine, Cetirizine","Flagyl, Ciplox","100mg, 1g","20, 50"
Chickenpox,"Itching, Sore throat, Chills, Fatigue","Ibuprofen, Azithromycin","Ciplox, Alerid","500mg, 10mg","50, 100"
Diarrhea,"Headache, Weight loss, Cough, Nausea","Loratadine, Paracetamol","Zinetac, Azithral","500mg, 5mg","200, 20"
Anxiety,"Shortness of breath, Dizziness, Rash, Pain","Metronidazole, Paracetamol","Ciplox, Crocin","100mg, 5mg","50, 150"
Common Cold,"Cough, Pain, Chills, Fever","Omeprazole, Paracetamol","Flagyl, Claritine","500mg, 5mg","20, 30"
Anxiety,"Sore throat, Chills, Cough, Vomiting","Omeprazole, Amoxicillin","Azithral, Omez","500mg, 5mg","30, 150"
Insomnia,"Chills, Fatigue, Itching, Shortness of breath","Paracetamol, Ciprofloxacin","Azithral, Alerid","100mg, 10mg","50, 30"
Ear Infection,"Fever, Itching, Nausea, Sweating","Ranitidine, Loratadine","Claritine, Crocin","1g, 500mg","30, 150"
Alzheimer's,"Nausea, Sweating, Shortness of breath, Dizziness","Paracetamol, Ranitidine","Alerid, Augmentin","250mg, 100mg","20, 100"
Anxiety,"Chest tightness, Joint pain, Headache, Chills","Omeprazole, Cetirizine","Claritine, Flagyl","1g, 250mg","200, 20"
Hepatitis,"Headache, Sore throat, Fatigue, Cough","Azithromycin, Paracetamol","Zinetac, Crocin","500mg, 250mg","200, 20"
Diarrhea,"Sore throat, Fever, Cough, Headache","Loratadine, Metronidazole","Ciplox, Zinetac","100mg, 500mg","30, 50"
Flu,"Dizziness, Weight loss, Cough, Nausea","Ibuprofen, Azithromycin","Ciplox, Azithral","10mg, 250mg","100, 20"
Alzheimer's,"Weight loss, Cough, Headache, Itching","Omeprazole, Metronidazole","Alerid, Augmentin","500mg, 5mg","150, 200"
Diarrhea,"Fever, Sore throat, Joint pain, Chills","Paracetamol, Ranitidine","Ciplox, Omez","500mg, 200mg","30, 50"
Acne,"Fatigue, Vomiting, Joint pain, Pain","Ibuprofen, Amoxicillin","Azithral, Ciplox","100mg, 250mg","75, 100"
Acne,"Pain, Sore throat, Sweating, Dizziness","Azithromycin, Loratadine","Alerid, Ciplox","100mg, 500mg","200, 20"
Hepatitis,"Dizziness, Cough, Chest tightness, Vomiting","Paracetamol, Ibuprofen","Ciplox, Alerid","250mg, 200mg","20, 75"
Insomnia,"Cough, Shortness of breath, Dizziness, Chest tightness","Azithromycin, Loratadine","Brufen, Omez","100mg, 5mg","30, 50"
Epilepsy,"Pain, Shortness of breath, Cough, Nausea","Cetirizine, Loratadine","Claritine, Crocin","1g, 250mg","20, 150"
COVID-19,"Chest tightness, Chills, Sweating, Shortness of breath","Ibuprofen, Omeprazole","Crocin, Claritine","5mg, 250mg","100, 50"
Insomnia,"Fever, Rash, Joint pain, Sore throat","Amoxicillin, Cetirizine","Azithral, Augmentin","10mg, 250mg","20, 150"
Ear Infection,"Joint pain, Dizziness, Shortness of breath, Fever","Cetirizine, Loratadine","Ciplox, Alerid","250mg, 500mg","150, 20"
Cholera,"Pain, Fever, Chills, Vomiting","Metronidazole, Omeprazole","Azithral, Claritine","5mg, 10mg","20, 100"
HIV,"Sore throat, Cough, Chills, Itching","Omeprazole, Cetirizine","Azithral, Claritine","10mg, 5mg","200, 75"
Eye Infection,"Sore throat, Itching, Joint pain, Cough","Ibuprofen, Cetirizine","Flagyl, Augmentin","200mg, 100mg","75, 20"
Alzheimer's,"Pain, Fatigue, Chills, Itching","Omeprazole, Metronidazole","Ciplox, Crocin","100mg, 5mg","150, 20"
Insomnia,"Chest tightness, Shortness of breath, Joint pain, Fatigue","Loratadine, Ranitidine","Omez, Augmentin","100mg, 10mg","150, 20"
Indigestion,"Weight loss, Nausea, Sweating, Pain","Metronidazole, Ibuprofen","Crocin, Brufen","5mg, 500mg","150, 75"
Chickenpox,"Dizziness, Chest tightness, Itching, Shortness of breath","Metronidazole, Cetirizine","Ciplox, Omez","1g, 500mg","100, 75"
Diarrhea,"Headache, Sore throat, Joint pain, Rash","Metronidazole, Azithromycin","Alerid, Flagyl","500mg, 200mg","75, 30"
Chickenpox,"Rash, Sweating, Chest tightness, Fever","Paracetamol, Ranitidine","Zinetac, Augmentin","250mg, 100mg","50, 75"
Chickenpox,"Sore throat, Nausea, Fever, Joint pain","Amoxicillin, Ibuprofen","Brufen, Augmentin","500mg, 1g","20, 30"
Alzheimer's,"Sweating, Vomiting, Chest tightness, Dizziness","Paracetamol, Azithromycin","Azithral, Zinetac","250mg, 1g","75, 150"
Gout,"Sore throat, Chills, Weight loss, Nausea","Cetirizine, Metronidazole","Claritine, Zinetac","1g, 250mg","100, 50"
Bronchitis,"Dizziness, Itching, Weight loss, Chills","Metronidazole, Azithromycin","Brufen, Azithral","5mg, 10mg","50, 150"
Gout,"Headache, Pain, Dizziness, Sweating","Ibuprofen, Azithromycin","Zinetac, Azithral","250mg, 200mg","50, 75"
Anxiety,"Vomiting, Chest tightness, Weight loss, Headache","Loratadine, Ibuprofen","Crocin, Augmentin","5mg, 250mg","200, 20"
Acne,"Joint pain, Rash, Weight loss, Chest tightness","Loratadine, Cetirizine","Brufen, Omez","100mg, 500mg","150, 100"
Indigestion,"Joint pain, Sweating, Fatigue, Rash","Paracetamol, Metronidazole","Crocin, Omez","10mg, 1g","30, 150"
Glaucoma,"Vomiting, Weight loss, Itching, Shortness of breath","Omeprazole, Loratadine","Crocin, Brufen","1g, 500mg","200, 75"
Gastritis,"Rash, Nausea, Itching, Cough","Ranitidine, Omeprazole","Azithral, Ciplox","100mg, 1g","30, 150"
COVID-19,"Fatigue, Chills, Sweating, Headache","Ibuprofen, Azithromycin","Zinetac, Ciplox","250mg, 5mg","20, 75"
Insomnia,"Sweating, Rash, Sore throat, Pain","Azithromycin, Ciprofloxacin","Ciplox, Omez","10mg, 1g","150, 100"
Gout,"Sore throat, Chills, Joint pain, Fever","Cetirizine, Omeprazole","Augmentin, Alerid","5mg, 1g","150, 50"
Cholera,"Shortness of breath, Joint pain, Vomiting, Chills","Ciprofloxacin, Azithromycin","Zinetac, Claritine","500mg, 5mg","20, 75"
Glaucoma,"Joint pain, Shortness of breath, Fatigue, Weight loss","Azithromycin, Omeprazole","Brufen, Flagyl","100mg, 200mg","50, 150"
Chickenpox,"Pain, Fever, Dizziness, Chills","Ibuprofen, Metronidazole","Brufen, Crocin","5mg, 250mg","50, 30"
Alzheimer's,"Weight loss, Shortness of breath, Fatigue, Vomiting","Ranitidine, Ibuprofen","Brufen, Zinetac","10mg, 250mg","150, 100"
Allergy,"Cough, Fatigue, Dizziness, Headache","Loratadine, Ciprofloxacin","Flagyl, Brufen","1g, 200mg","30, 75"
Gout,"Joint pain, Fever, Nausea, Itching","Paracetamol, Amoxicillin","Claritine, Crocin","100mg, 5mg","75, 50"
Common Cold,"Joint pain, Fever, Nausea, Cough","Paracetamol, Azithromycin","Azithral, Crocin","1g, 200mg","30, 200"
Indigestion,"Chills, Headache, Fatigue, Shortness of breath","Cetirizine, Omeprazole","Alerid, Zinetac","200mg, 1g","75, 200"
Alzheimer's,"Joint pain, Chills, Headache, Shortness of breath","Omeprazole, Amoxicillin","Ciplox, Flagyl","250mg, 100mg","75, 200"
Anxiety,"Weight loss, Chest tightness, Rash, Vomiting","Loratadine, Ciprofloxacin","Crocin, Azithral","200mg, 5mg","30, 75"
Chickenpox,"Dizziness, Sweating, Chest tightness, Fatigue","Amoxicillin, Metronidazole","Augmentin, Ciplox","500mg, 1g","200, 150"
Alzheimer's,"Fatigue, Pain, Joint pain, Chills","Ranitidine, Loratadine","Omez, Flagyl","250mg, 100mg","50, 100"
Acne,"Rash, Headache, Fever, Weight loss","Metronidazole, Loratadine","Alerid, Claritine","5mg, 1g","150, 75"
Indigestion,"Headache, Chills, Sweating, Dizziness","Azithromycin, Loratadine","Alerid, Augmentin","500mg, 250mg","200, 20"
Common Cold,"Chest tightness, Itching, Fever, Rash","Paracetamol, Ranitidine","Ciplox, Augmentin","100mg, 5mg","75, 20"
Alzheimer's,"Joint pain, Headache, Rash, Cough","Metronidazole, Amoxicillin","Ciplox, Omez","1g, 10mg","100, 50"
HIV,"Cough, Weight loss, Vomiting, Dizziness","Ibuprofen, Metronidazole","Augmentin, Crocin","200mg, 250mg","20, 75"
Glaucoma,"Headache, Itching, Rash, Joint pain","Ranitidine, Omeprazole","Omez, Ciplox","200mg, 5mg","100, 150"
Constipation,"Weight loss, Dizziness, Nausea, Rash","Ciprofloxacin, Amoxicillin","Augmentin, Flagyl","5mg, 1g","100, 20"
Acne,"Fever, Vomiting, Joint pain, Chest tightness","Cetirizine, Amoxicillin","Alerid, Flagyl","200mg, 250mg","20, 75"
Gastritis,"Itching, Nausea, Cough, Rash","Ranitidine, Azithromycin","Brufen, Azithral","10mg, 100mg","150, 200"
Chickenpox,"Dizziness, Fever, Shortness of breath, Pain","Loratadine, Paracetamol","Ciplox, Zinetac","500mg, 10mg","50, 200"
HIV,"Vomiting, Shortness of breath, Headache, Rash","Ranitidine, Paracetamol","Omez, Augmentin","200mg, 5mg","20, 75"
Anxiety,"Weight loss, Headache, Fever, Nausea","Cetirizine, Amoxicillin","Brufen, Omez","5mg, 100mg","200, 75"
Anxiety,"Vomiting, Nausea, Chest tightness, Fever","Paracetamol, Metronidazole","Brufen, Omez","5mg, 500mg","150, 75"
Common Cold,"Nausea, Joint pain, Itching, Cough","Ibuprofen, Amoxicillin","Augmentin, Brufen","500mg, 200mg","150, 20"
Cholera,"Sweating, Nausea, Itching, Cough","Paracetamol, Ciprofloxacin","Omez, Alerid","250mg, 100mg","30, 100"
Eye Infection,"Itching, Fever, Sweating, Vomiting","Omeprazole, Azithromycin","Brufen, Omez","5mg, 500mg","75, 30"
Diarrhea,"Joint pain, Sore throat, Rash, Pain","Paracetamol, Ranitidine","Flagyl, Brufen","1g, 5mg","200, 20"
COVID-19,"Cough, Itching, Fever, Pain","Loratadine, Cetirizine","Alerid, Omez","200mg, 250mg","150, 30"
Allergy,"Chest tightness, Nausea, Sore throat, Vomiting","Azithromycin, Ibuprofen","Zinetac, Crocin","500mg, 5mg","30, 75"
Alzheimer's,"Chills, Cough, Nausea, Joint pain","Ibuprofen, Ranitidine","Azithral, Alerid","250mg, 5mg","20, 150"
Anxiety,"Itching, Weight loss, Fatigue, Chills","Ciprofloxacin, Cetirizine","Azithral, Alerid","200mg, 100mg","50, 30"
Epilepsy,"Chest tightness, Joint pain, Sore throat, Vomiting","Cetirizine, Amoxicillin","Omez, Augmentin","250mg, 1g","75, 200"
Back Pain,"Sweating, Fever, Nausea, Sore throat","Azithromycin, Cetirizine","Ciplox, Brufen","5mg, 500mg","50, 20"
Gastritis,"Chest tightness, Sore throat, Headache, Fever","Metronidazole, Amoxicillin","Crocin, Claritine","1g, 100mg","150, 100"
Diarrhea,"Fatigue, Nausea, Sore throat, Itching","Ranitidine, Loratadine","Brufen, Omez","10mg, 500mg","75, 200"
Epilepsy,"Itching, Rash, Chills, Chest tightness","Metronidazole, Amoxicillin","Omez, Augmentin","5mg, 100mg","200, 150"
Common Cold,"Shortness of breath, Fatigue, Chills, Chest tightness","Amoxicillin, Azithromycin","Brufen, Alerid","200mg, 500mg","150, 20"
Constipation,"Dizziness, Chest tightness, Itching, Chills","Cetirizine, Amoxicillin","Ciplox, Brufen","5mg, 500mg","75, 50"
Indigestion,"Nausea, Chest tightness, Rash, Chills","Omeprazole, Amoxicillin","Crocin, Alerid","5mg, 500mg","75, 150"
Cholera,"Sweating, Shortness of breath, Vomiting, Joint pain","Metronidazole, Paracetamol","Brufen, Flagyl","5mg, 200mg","75, 20"
Hepatitis,"Pain, Sweating, Chills, Fatigue","Ranitidine, Amoxicillin","Ciplox, Claritine","200mg, 500mg","150, 20"
Indigestion,"Itching, Sore throat, Shortness of breath, Headache","Amoxicillin, Loratadine","Zinetac, Claritine","100mg, 500mg","75, 20"
Back Pain,"Itching, Chills, Dizziness, Chest tightness","Cetirizine, Loratadine","Omez, Zinetac","200mg, 500mg","20, 75"
Gout,"Dizziness, Fatigue, Chills, Headache","Paracetamol, Amoxicillin","Omez, Alerid","1g, 200mg","75, 100"
Indigestion,"Weight loss, Shortness of breath, Chills, Sweating","Loratadine, Cetirizine","Omez, Ciplox","5mg, 500mg","30, 75"
Eye Infection,"Fever, Itching, Dizziness, Sore throat","Ibuprofen, Paracetamol","Crocin, Brufen","5mg, 100mg","75, 20"
Diarrhea,"Vomiting, Headache, Shortness of breath, Cough","Ibuprofen, Paracetamol","Brufen, Ciplox","200mg, 1g","100, 30"
Indigestion,"Chills, Fatigue, Sweating, Dizziness","Azithromycin, Ranitidine","Flagyl, Alerid","5mg, 1g","50, 30"
Back Pain,"Dizziness, Cough, Chest tightness, Joint pain","Omeprazole, Amoxicillin","Omez, Zinetac","5mg, 100mg","30, 20"
Diarrhea,"Fever, Joint pain, Sweating, Nausea","Ciprofloxacin, Omeprazole","Brufen, Zinetac","100mg, 5mg","20, 100"
Dengue,"Dizziness, Pain, Weight loss, Fever","Amoxicillin, Metronidazole","Crocin, Augmentin","500mg, 10mg","50, 100"
Gout,"Weight loss, Fever, Headache, Fatigue","Cetirizine, Ranitidine","Crocin, Azithral","250mg, 10mg","50, 200"
Back Pain,"Weight loss, Dizziness, Fever, Sore throat","Ranitidine, Ibuprofen","Ciplox, Azithral","1g, 5mg","100, 20"
Depression,"Sore throat, Itching, Dizziness, Vomiting","Metronidazole, Paracetamol","Crocin, Claritine","10mg, 1g","50, 150"
Cholera,"Fever, Dizziness, Itching, Sore throat","Loratadine, Azithromycin","Zinetac, Ciplox","1g, 200mg","20, 30"
HIV,"Cough, Sore throat, Chills, Headache","Metronidazole, Paracetamol","Alerid, Augmentin","1g, 5mg","150, 200"
Ear Infection,"Vomiting, Weight loss, Fever, Headache","Ibuprofen, Metronidazole","Azithral, Augmentin","100mg, 1g","200, 100"
Gastritis,"Itching, Nausea, Joint pain, Sore throat","Paracetamol, Metronidazole","Augmentin, Crocin","200mg, 500mg","50, 20"
Anxiety,"Nausea, Vomiting, Cough, Sweating","Azithromycin, Ibuprofen","Ciplox, Alerid","1g, 200mg","150, 50"
Allergy,"Fatigue, Sweating, Itching, Shortness of breath","Ciprofloxacin, Ranitidine","Omez, Flagyl","100mg, 1g","30, 200"
Hepatitis,"Chills, Joint pain, Nausea, Fatigue","Metronidazole, Cetirizine","Alerid, Flagyl","500mg, 1g","150, 200"
COVID-19,"Fatigue, Vomiting, Pain, Headache","Metronidazole, Ibuprofen","Crocin, Flagyl","500mg, 10mg","75, 100"
Eye Infection,"Cough, Chest tightness, Fatigue, Shortness of breath","Ciprofloxacin, Metronidazole","Ciplox, Zinetac","100mg, 250mg","50, 100"
Diarrhea,"Headache, Cough, Chest tightness, Sweating","Ibuprofen, Ciprofloxacin","Crocin, Claritine","1g, 500mg","75, 20"
Chickenpox,"Shortness of breath, Rash, Joint pain, Headache","Paracetamol, Metronidazole","Brufen, Augmentin","200mg, 5mg","50, 20"
Chickenpox,"Chest tightness, Headache, Joint pain, Sweating","Ranitidine, Ibuprofen","Ciplox, Alerid","5mg, 200mg","150, 30"
Back Pain,"Fatigue, Cough, Headache, Pain","Loratadine, Azithromycin","Claritine, Alerid","200mg, 250mg","150, 100"
Insomnia,"Itching, Cough, Sweating, Rash","Ibuprofen, Omeprazole","Flagyl, Crocin","10mg, 100mg","100, 50"
Alzheimer's,"Rash, Sore throat, Chest tightness, Dizziness","Ranitidine, Omeprazole","Claritine, Zinetac","10mg, 200mg","200, 50"
Allergy,"Headache, Itching, Chest tightness, Rash","Metronidazole, Amoxicillin","Claritine, Augmentin","250mg, 1g","30, 200"
Ear Infection,"Shortness of breath, Chills, Fever, Sore throat","Ibuprofen, Azithromycin","Alerid, Omez","250mg, 100mg","150, 200"
Back Pain,"Chills, Vomiting, Nausea, Cough","Ibuprofen, Metronidazole","Claritine, Ciplox","250mg, 10mg","75, 20"
Cholera,"Pain, Chills, Nausea, Rash","Paracetamol, Metronidazole","Claritine, Brufen","100mg, 200mg","100, 150"
Depression,"Vomiting, Chills, Shortness of breath, Sweating","Ibuprofen, Paracetamol","Flagyl, Azithral","10mg, 1g","20, 50"
Anxiety,"Rash, Chills, Fever, Sore throat","Amoxicillin, Ciprofloxacin","Flagyl, Omez","250mg, 500mg","150, 50"
Bronchitis,"Cough, Pain, Sore throat, Joint pain","Metronidazole, Loratadine","Augmentin, Flagyl","250mg, 100mg","100, 30"
Glaucoma,"Nausea, Vomiting, Rash, Chills","Ibuprofen, Paracetamol","Brufen, Alerid","1g, 10mg","100, 75"
Anxiety,"Itching, Pain, Chills, Vomiting","Amoxicillin, Omeprazole","Crocin, Augmentin","1g, 10mg","100, 50"
Chickenpox,"Dizziness, Sweating, Itching, Vomiting","Ibuprofen, Azithromycin","Brufen, Augmentin","100mg, 10mg","50, 75"
Ear Infection,"Weight loss, Pain, Fever, Vomiting","Paracetamol, Amoxicillin","Zinetac, Ciplox","200mg, 10mg","50, 30"
COVID-19,"Sore throat, Shortness of breath, Weight loss, Dizziness","Loratadine, Ranitidine","Omez, Claritine","10mg, 200mg","50, 20"
Gout,"Fatigue, Joint pain, Chest tightness, Sore throat","Ibuprofen, Ciprofloxacin","Crocin, Ciplox","100mg, 250mg","150, 30"
Alzheimer's,"Sore throat, Cough, Vomiting, Shortness of breath","Paracetamol, Azithromycin","Flagyl, Ciplox","100mg, 500mg","75, 20"
HIV,"Nausea, Vomiting, Pain, Headache","Ranitidine, Ciprofloxacin","Flagyl, Brufen","250mg, 1g","100, 20"
Indigestion,"Cough, Nausea, Weight loss, Headache","Ciprofloxacin, Ranitidine","Claritine, Ciplox","250mg, 5mg","30, 50"
Acne,"Fatigue, Chills, Headache, Shortness of breath","Ibuprofen, Ranitidine","Flagyl, Alerid","5mg, 250mg","75, 100"
Glaucoma,"Sore throat, Weight loss, Itching, Shortness of breath","Paracetamol, Ibuprofen","Brufen, Zinetac","5mg, 200mg","200, 50"
Epilepsy,"Chest tightness, Rash, Dizziness, Headache","Loratadine, Azithromycin","Flagyl, Azithral","5mg, 200mg","200, 75"
Acne,"Shortness of breath, Itching, Nausea, Chest tightness","Azithromycin, Ibuprofen","Azithral, Zinetac","200mg, 1g","200, 150"
Bronchitis,"Headache, Weight loss, Sweating, Vomiting","Cetirizine, Ranitidine","Augmentin, Ciplox","200mg, 5mg","150, 30"
Ear Infection,"Weight loss, Itching, Chest tightness, Vomiting","Azithromycin, Paracetamol","Omez, Azithral","5mg, 250mg","200, 100"
Gout,"Sore throat, Joint pain, Chills, Weight loss","Paracetamol, Cetirizine","Augmentin, Ciplox","10mg, 250mg","100, 200"
Indigestion,"Fatigue, Sweating, Nausea, Vomiting","Loratadine, Amoxicillin","Ciplox, Zinetac","200mg, 1g","50, 75"
Glaucoma,"Dizziness, Chest tightness, Fever, Sore throat","Cetirizine, Amoxicillin","Flagyl, Augmentin","100mg, 1g","75, 100"
Gout,"Shortness of breath, Sore throat, Cough, Dizziness","Amoxicillin, Ibuprofen","Brufen, Augmentin","1g, 100mg","75, 200"
Alzheimer's,"Weight loss, Headache, Vomiting, Sore throat","Ciprofloxacin, Cetirizine","Zinetac, Brufen","250mg, 10mg","50, 30"
Epilepsy,"Itching, Dizziness, Chills, Pain","Ibuprofen, Amoxicillin","Azithral, Ciplox","1g, 100mg","30, 75"
Gastritis,"Fever, Chest tightness, Headache, Shortness of breath","Paracetamol, Metronidazole","Zinetac, Alerid","1g, 5mg","30, 150"
Acne,"Chills, Nausea, Fever, Fatigue","Metronidazole, Azithromycin","Augmentin, Zinetac","5mg, 500mg","20, 75"
Ear Infection,"Headache, Vomiting, Sore throat, Weight loss","Cetirizine, Metronidazole","Alerid, Brufen","10mg, 100mg","20, 30"
Cholera,"Weight loss, Vomiting, Pain, Chills","Loratadine, Paracetamol","Augmentin, Omez","100mg, 500mg","200, 50"
Common Cold,"Chest tightness, Headache, Rash, Sweating","Cetirizine, Metronidazole","Augmentin, Azithral","200mg, 1g","150, 20"
Ear Infection,"Nausea, Fever, Chest tightness, Rash","Loratadine, Cetirizine","Claritine, Alerid","200mg, 500mg","20, 200"
Glaucoma,"Chills, Dizziness, Cough, Chest tightness","Paracetamol, Metronidazole","Ciplox, Crocin","200mg, 100mg","75, 20"
Insomnia,"Weight loss, Nausea, Fever, Sweating","Paracetamol, Ciprofloxacin","Azithral, Alerid","10mg, 5mg","20, 30"
Allergy,"Chills, Chest tightness, Joint pain, Weight loss","Ibuprofen, Amoxicillin","Omez, Claritine","250mg, 100mg","50, 30"
Bronchitis,"Nausea, Sore throat, Joint pain, Rash","Ciprofloxacin, Metronidazole","Azithral, Flagyl","100mg, 5mg","150, 20"
Constipation,"Fatigue, Joint pain, Nausea, Rash","Ranitidine, Paracetamol","Augmentin, Alerid","1g, 5mg","50, 30"
Ear Infection,"Rash, Shortness of breath, Dizziness, Sore throat","Azithromycin, Cetirizine","Augmentin, Crocin","1g, 10mg","50, 20"
Gout,"Shortness of breath, Headache, Sweating, Dizziness","Ciprofloxacin, Amoxicillin","Augmentin, Claritine","5mg, 500mg","50, 20"
Alzheimer's,"Chest tightness, Fever, Dizziness, Pain","Cetirizine, Omeprazole","Brufen, Crocin","10mg, 100mg","100, 200"
Allergy,"Joint pain, Rash, Dizziness, Vomiting","Amoxicillin, Paracetamol","Brufen, Flagyl","200mg, 100mg","200, 100"
Anxiety,"Weight loss, Fever, Shortness of breath, Chest tightness","Paracetamol, Ciprofloxacin","Ciplox, Brufen","1g, 500mg","200, 50"
Common Cold,"Cough, Joint pain, Rash, Fever","Paracetamol, Cetirizine","Crocin, Zinetac","5mg, 100mg","150, 75"
Cholera,"Sweating, Itching, Dizziness, Shortness of breath","Cetirizine, Paracetamol","Ciplox, Alerid","200mg, 100mg","20, 150"
Cholera,"Itching, Joint pain, Weight loss, Nausea","Ciprofloxacin, Metronidazole","Flagyl, Claritine","5mg, 500mg","75, 150"
Epilepsy,"Chills, Chest tightness, Joint pain, Headache","Metronidazole, Paracetamol","Crocin, Claritine","250mg, 10mg","20, 150"
Common Cold,"Shortness of breath, Sweating, Fever, Rash","Metronidazole, Ciprofloxacin","Azithral, Alerid","250mg, 1g","100, 200"
Alzheimer's,"Weight loss, Itching, Pain, Fatigue","Metronidazole, Cetirizine","Alerid, Azithral","10mg, 5mg","30, 20"
COVID-19,"Vomiting, Sore throat, Chest tightness, Sweating","Ciprofloxacin, Ranitidine","Zinetac, Omez","1g, 5mg","75, 30"
COVID-19,"Chest tightness, Joint pain, Dizziness, Chills","Cetirizine, Ranitidine","Brufen, Claritine","5mg, 10mg","75, 150"
Dengue,"Shortness of breath, Sore throat, Dizziness, Chills","Ibuprofen, Ciprofloxacin","Ciplox, Crocin","5mg, 1g","75, 150"
Gout,"Chest tightness, Itching, Headache, Rash","Omeprazole, Ranitidine","Flagyl, Augmentin","200mg, 10mg","20, 30"
COVID-19,"Fatigue, Itching, Pain, Fever","Ciprofloxacin, Ranitidine","Flagyl, Ciplox","5mg, 100mg","100, 200"
Ear Infection,"Sweating, Shortness of breath, Vomiting, Sore throat","Ranitidine, Ibuprofen","Omez, Flagyl","500mg, 1g","75, 150"
Cholera,"Pain, Nausea, Itching, Vomiting","Azithromycin, Cetirizine","Flagyl, Augmentin","500mg, 1g","100, 150"
Gout,"Rash, Pain, Dizziness, Sore throat","Azithromycin, Loratadine","Alerid, Flagyl","500mg, 200mg","20, 75"
COVID-19,"Nausea, Joint pain, Vomiting, Rash","Omeprazole, Loratadine","Crocin, Zinetac","200mg, 100mg","30, 200"
Depression,"Cough, Weight loss, Sweating, Fatigue","Ciprofloxacin, Cetirizine","Alerid, Azithral","200mg, 10mg","30, 200"
Constipation,"Chest tightness, Chills, Joint pain, Dizziness","Ranitidine, Ibuprofen","Alerid, Flagyl","5mg, 200mg","50, 75"
Gastritis,"Sweating, Chest tightness, Nausea, Sore throat","Ranitidine, Paracetamol","Brufen, Crocin","250mg, 500mg","50, 200"
Depression,"Joint pain, Sweating, Chills, Itching","Azithromycin, Metronidazole","Omez, Augmentin","1g, 500mg","30, 200"
Anxiety,"Cough, Pain, Chest tightness, Nausea","Cetirizine, Ibuprofen","Ciplox, Omez","250mg, 200mg","50, 200"
Glaucoma,"Sweating, Fever, Pain, Joint pain","Metronidazole, Loratadine","Alerid, Azithral","5mg, 10mg","20, 200"
Glaucoma,"Sore throat, Headache, Fever, Fatigue","Loratadine, Ciprofloxacin","Azithral, Augmentin","200mg, 100mg","30, 100"
Common Cold,"Rash, Sore throat, Itching, Vomiting","Ibuprofen, Azithromycin","Zinetac, Brufen","100mg, 250mg","30, 75"
Acne,"Fatigue, Itching, Pain, Fever","Cetirizine, Ranitidine","Omez, Ciplox","5mg, 1g","20, 150"
Insomnia,"Shortness of breath, Rash, Sore throat, Pain","Omeprazole, Paracetamol","Azithral, Claritine","1g, 200mg","20, 150"
Diarrhea,"Itching, Sore throat, Headache, Joint pain","Metronidazole, Paracetamol","Alerid, Crocin","10mg, 200mg","200, 20"
Constipation,"Headache, Fatigue, Vomiting, Joint pain","Paracetamol, Loratadine","Brufen, Alerid","1g, 5mg","30, 20"
Diarrhea,"Chills, Cough, Fever, Chest tightness","Azithromycin, Omeprazole","Augmentin, Brufen","100mg, 1g","150, 200"
Allergy,"Chest tightness, Sore throat, Sweating, Joint pain","Cetirizine, Amoxicillin","Brufen, Crocin","5mg, 200mg","20, 100"
Alzheimer's,"Chills, Cough, Vomiting, Itching","Omeprazole, Ibuprofen","Flagyl, Azithral","500mg, 100mg","30, 100"
Dengue,"Chest tightness, Sweating, Sore throat, Dizziness","Amoxicillin, Ciprofloxacin","Crocin, Claritine","100mg, 1g","30, 50"
Diarrhea,"Vomiting, Fever, Weight loss, Nausea","Ranitidine, Azithromycin","Claritine, Azithral","500mg, 200mg","50, 150"
Hepatitis,"Cough, Fatigue, Joint pain, Dizziness","Metronidazole, Loratadine","Omez, Claritine","200mg, 500mg","30, 150"
Acne,"Fatigue, Cough, Rash, Sweating","Amoxicillin, Ciprofloxacin","Flagyl, Augmentin","5mg, 500mg","150, 20"
Constipation,"Dizziness, Sore throat, Weight loss, Nausea","Ciprofloxacin, Azithromycin","Brufen, Alerid","200mg, 100mg","100, 75"
Gout,"Shortness of breath, Joint pain, Sore throat, Sweating","Loratadine, Azithromycin","Azithral, Augmentin","10mg, 1g","200, 50"
HIV,"Chest tightness, Chills, Sore throat, Pain","Ciprofloxacin, Azithromycin","Crocin, Zinetac","10mg, 500mg","30, 200"
Chickenpox,"Shortness of breath, Vomiting, Joint pain, Fatigue","Azithromycin, Paracetamol","Alerid, Ciplox","250mg, 10mg","30, 150"
Dengue,"Dizziness, Fatigue, Chest tightness, Weight loss","Cetirizine, Amoxicillin","Brufen, Augmentin","500mg, 5mg","100, 30"
Alzheimer's,"Vomiting, Fever, Cough, Chills","Ranitidine, Metronidazole","Claritine, Azithral","10mg, 250mg","75, 100"
Allergy,"Headache, Dizziness, Sore throat, Nausea","Amoxicillin, Paracetamol","Alerid, Flagyl","10mg, 1g","200, 75"
Indigestion,"Chills, Joint pain, Headache, Rash","Amoxicillin, Cetirizine","Flagyl, Azithral","5mg, 1g","30, 50"
HIV,"Itching, Chills, Pain, Nausea","Ranitidine, Amoxicillin","Zinetac, Ciplox","10mg, 1g","75, 30"
Gastritis,"Pain, Fatigue, Chills, Joint pain","Cetirizine, Ibuprofen","Ciplox, Zinetac","500mg, 200mg","30, 150"
Glaucoma,"Rash, Shortness of breath, Headache, Nausea","Amoxicillin, Cetirizine","Augmentin, Azithral","100mg, 1g","30, 75"
Alzheimer's,"Chills, Vomiting, Pain, Weight loss","Ciprofloxacin, Omeprazole","Ciplox, Zinetac","1g, 250mg","20, 150"
Alzheimer's,"Sweating, Headache, Nausea, Itching","Ibuprofen, Azithromycin","Zinetac, Brufen","250mg, 1g","30, 75"
Eye Infection,"Sweating, Shortness of breath, Itching, Sore throat","Paracetamol, Ranitidine","Augmentin, Azithral","250mg, 500mg","30, 200"
Gastritis,"Itching, Dizziness, Sweating, Sore throat","Paracetamol, Loratadine","Omez, Flagyl","10mg, 250mg","200, 50"
Insomnia,"Joint pain, Dizziness, Nausea, Itching","Cetirizine, Ciprofloxacin","Claritine, Azithral","250mg, 1g","30, 100"
Depression,"Vomiting, Pain, Rash, Sweating","Azithromycin, Amoxicillin","Omez, Flagyl","250mg, 1g","200, 20"
HIV,"Vomiting, Rash, Weight loss, Chest tightness","Ibuprofen, Ciprofloxacin","Zinetac, Claritine","200mg, 500mg","30, 75"
Glaucoma,"Chills, Fatigue, Shortness of breath, Itching","Paracetamol, Ranitidine","Crocin, Alerid","200mg, 250mg","75, 50"
Constipation,"Chills, Sore throat, Sweating, Cough","Ibuprofen, Loratadine","Claritine, Augmentin","10mg, 5mg","100, 20"
COVID-19,"Fever, Chills, Nausea, Itching","Loratadine, Amoxicillin","Alerid, Azithral","100mg, 1g","30, 50"
Gastritis,"Headache, Cough, Pain, Fever","Cetirizine, Ranitidine","Omez, Alerid","250mg, 200mg","75, 100"
Depression,"Chills, Fatigue, Shortness of breath, Sweating","Omeprazole, Metronidazole","Alerid, Ciplox","250mg, 10mg","75, 30"
Depression,"Itching, Chest tightness, Fatigue, Sweating","Omeprazole, Azithromycin","Augmentin, Claritine","100mg, 10mg","150, 200"
Anxiety,"Weight loss, Fever, Chest tightness, Rash","Azithromycin, Amoxicillin","Claritine, Ciplox","5mg, 200mg","150, 30"
Diarrhea,"Joint pain, Sore throat, Weight loss, Vomiting","Ibuprofen, Loratadine","Augmentin, Crocin","100mg, 10mg","75, 100"
Cholera,"Rash, Fatigue, Sweating, Chills","Ibuprofen, Amoxicillin","Augmentin, Crocin","10mg, 500mg","150, 100"
Gastritis,"Fever, Joint pain, Itching, Shortness of breath","Cetirizine, Loratadine","Ciplox, Brufen","5mg, 100mg","100, 150"
Back Pain,"Shortness of breath, Sore throat, Dizziness, Weight loss","Metronidazole, Loratadine","Ciplox, Claritine","10mg, 5mg","50, 200"
Allergy,"Itching, Cough, Chest tightness, Dizziness","Omeprazole, Cetirizine","Claritine, Ciplox","100mg, 10mg","30, 100"
Indigestion,"Fever, Sweating, Shortness of breath, Weight loss","Metronidazole, Ranitidine","Claritine, Omez","500mg, 200mg","30, 150"
Gout,"Nausea, Headache, Shortness of breath, Fatigue","Metronidazole, Ibuprofen","Azithral, Ciplox","250mg, 1g","200, 50"
Epilepsy,"Joint pain, Rash, Fatigue, Pain","Ranitidine, Paracetamol","Crocin, Omez","1g, 250mg","20, 100"
Indigestion,"Chest tightness, Chills, Joint pain, Fatigue","Loratadine, Cetirizine","Ciplox, Crocin","200mg, 500mg","200, 150"
Gastritis,"Fatigue, Itching, Pain, Cough","Azithromycin, Metronidazole","Flagyl, Brufen","250mg, 10mg","200, 50"
Flu,"Chills, Weight loss, Fever, Headache","Loratadine, Ranitidine","Azithral, Alerid","10mg, 100mg","150, 100"
Alzheimer's,"Nausea, Shortness of breath, Headache, Fever","Ranitidine, Paracetamol","Crocin, Augmentin","250mg, 5mg","75, 200"
Diarrhea,"Dizziness, Weight loss, Sweating, Fatigue","Amoxicillin, Loratadine","Zinetac, Crocin","200mg, 5mg","30, 150"
Chickenpox,"Shortness of breath, Joint pain, Pain, Cough","Loratadine, Paracetamol","Crocin, Claritine","10mg, 200mg","200, 30"
Bronchitis,"Weight loss, Sore throat, Shortness of breath, Nausea","Metronidazole, Ibuprofen","Augmentin, Crocin","5mg, 250mg","20, 150"
Chickenpox,"Shortness of breath, Rash, Cough, Joint pain","Cetirizine, Ciprofloxacin","Azithral, Alerid","500mg, 250mg","200, 75"
Hepatitis,"Weight loss, Headache, Chest tightness, Nausea","Ciprofloxacin, Omeprazole","Brufen, Augmentin","5mg, 500mg","150, 200"
Anxiety,"Joint pain, Cough, Sore throat, Rash","Omeprazole, Paracetamol","Omez, Zinetac","5mg, 200mg","100, 75"
Bronchitis,"Sore throat, Headache, Pain, Chills","Cetirizine, Ranitidine","Augmentin, Azithral","10mg, 200mg","20, 150"
Bronchitis,"Fatigue, Nausea, Cough, Joint pain","Amoxicillin, Metronidazole","Augmentin, Ciplox","5mg, 200mg","100, 50"
Flu,"Dizziness, Sore throat, Chills, Chest tightness","Amoxicillin, Paracetamol","Claritine, Brufen","250mg, 200mg","30, 50"
Hepatitis,"Fever, Headache, Itching, Shortness of breath","Cetirizine, Amoxicillin","Alerid, Omez","1g, 5mg","20, 75"
Dengue,"Fever, Headache, Shortness of breath, Pain","Ibuprofen, Omeprazole","Zinetac, Augmentin","200mg, 100mg","100, 50"
Acne,"Headache, Fatigue, Sore throat, Pain","Ciprofloxacin, Ranitidine","Brufen, Flagyl","5mg, 100mg","100, 200"
Ear Infection,"Pain, Headache, Fever, Sweating","Amoxicillin, Ranitidine","Augmentin, Crocin","5mg, 1g","200, 75"
Eye Infection,"Sweating, Weight loss, Fever, Pain","Ibuprofen, Amoxicillin","Claritine, Brufen","1g, 200mg","150, 50"
Constipation,"Chills, Rash, Fatigue, Nausea","Ibuprofen, Amoxicillin","Zinetac, Flagyl","100mg, 500mg","200, 30"
Insomnia,"Joint pain, Vomiting, Weight loss, Shortness of breath","Ibuprofen, Amoxicillin","Ciplox, Crocin","100mg, 5mg","50, 20"
Glaucoma,"Fever, Chills, Joint pain, Nausea","Ibuprofen, Loratadine","Augmentin, Azithral","200mg, 1g","50, 150"
Allergy,"Fatigue, Sweating, Pain, Shortness of breath","Metronidazole, Omeprazole","Ciplox, Zinetac","100mg, 200mg","150, 200"
HIV,"Itching, Fatigue, Fever, Dizziness","Amoxicillin, Omeprazole","Ciplox, Crocin","10mg, 200mg","30, 100"
Gout,"Itching, Fatigue, Weight loss, Shortness of breath","Ibuprofen, Loratadine","Crocin, Zinetac","250mg, 10mg","75, 20"
HIV,"Vomiting, Headache, Joint pain, Chills","Metronidazole, Ciprofloxacin","Brufen, Azithral","5mg, 500mg","200, 50"
Common Cold,"Fever, Weight loss, Sore throat, Shortness of breath","Ranitidine, Omeprazole","Brufen, Azithral","10mg, 500mg","50, 200"
Depression,"Joint pain, Sweating, Chills, Weight loss","Metronidazole, Loratadine","Claritine, Alerid","5mg, 1g","50, 100"
Flu,"Headache, Cough, Chest tightness, Vomiting","Paracetamol, Azithromycin","Alerid, Azithral","200mg, 500mg","200, 150"
Flu,"Weight loss, Vomiting, Headache, Chills","Ibuprofen, Azithromycin","Omez, Flagyl","5mg, 100mg","30, 20"
COVID-19,"Dizziness, Sweating, Chest tightness, Sore throat","Ranitidine, Omeprazole","Azithral, Alerid","500mg, 100mg","150, 20"
Gastritis,"Fever, Vomiting, Headache, Weight loss","Paracetamol, Cetirizine","Azithral, Zinetac","200mg, 5mg","75, 200"
Acne,"Fever, Cough, Rash, Fatigue","Ciprofloxacin, Metronidazole","Ciplox, Claritine","1g, 500mg","20, 50"
Eye Infection,"Nausea, Chest tightness, Vomiting, Itching","Ranitidine, Amoxicillin","Azithral, Brufen","200mg, 500mg","75, 20"
Ear Infection,"Itching, Fever, Cough, Pain","Ibuprofen, Ciprofloxacin","Augmentin, Ciplox","250mg, 10mg","100, 75"
COVID-19,"Nausea, Vomiting, Pain, Headache","Loratadine, Ibuprofen","Augmentin, Crocin","5mg, 200mg","20, 200"
COVID-19,"Fever, Chills, Pain, Chest tightness","Omeprazole, Cetirizine","Claritine, Augmentin","10mg, 200mg","200, 50"
Flu,"Sweating, Dizziness, Sore throat, Fever","Ibuprofen, Ciprofloxacin","Azithral, Augmentin","250mg, 10mg","20, 100"
Cholera,"Vomiting, Pain, Dizziness, Chills","Cetirizine, Ibuprofen","Azithral, Zinetac","1g, 5mg","50, 75"
Diarrhea,"Weight loss, Sweating, Rash, Itching","Paracetamol, Ranitidine","Azithral, Claritine","500mg, 100mg","30, 150"
Diarrhea,"Sore throat, Nausea, Cough, Fever","Amoxicillin, Loratadine","Omez, Azithral","250mg, 200mg","50, 75"
Constipation,"Chest tightness, Fever, Dizziness, Sweating","Amoxicillin, Paracetamol","Flagyl, Claritine","200mg, 1g","50, 30"
Insomnia,"Chills, Dizziness, Headache, Pain","Amoxicillin, Paracetamol","Flagyl, Augmentin","200mg, 1g","30, 75"
Flu,"Fever, Weight loss, Joint pain, Nausea","Paracetamol, Omeprazole","Ciplox, Crocin","100mg, 5mg","200, 50"
COVID-19,"Chest tightness, Headache, Vomiting, Sweating","Amoxicillin, Loratadine","Claritine, Brufen","1g, 10mg","75, 20"
Gastritis,"Rash, Fatigue, Nausea, Itching","Ibuprofen, Ranitidine","Augmentin, Alerid","5mg, 250mg","20, 50"
Common Cold,"Fatigue, Itching, Joint pain, Weight loss","Amoxicillin, Azithromycin","Augmentin, Flagyl","100mg, 250mg","100, 50"
Eye Infection,"Fatigue, Vomiting, Sore throat, Fever","Cetirizine, Metronidazole","Azithral, Crocin","250mg, 100mg","75, 100"
Common Cold,"Weight loss, Joint pain, Cough, Nausea","Loratadine, Cetirizine","Augmentin, Azithral","10mg, 250mg","50, 100"
Gastritis,"Weight loss, Chills, Sweating, Sore throat","Azithromycin, Ranitidine","Claritine, Alerid","1g, 10mg","75, 30"
Gout,"Shortness of breath, Itching, Sweating, Weight loss","Loratadine, Metronidazole","Zinetac, Omez","1g, 250mg","200, 20"
Depression,"Headache, Itching, Weight loss, Chills","Cetirizine, Ciprofloxacin","Claritine, Alerid","200mg, 250mg","150, 100"
Glaucoma,"Headache, Nausea, Cough, Joint pain","Ibuprofen, Loratadine","Omez, Augmentin","500mg, 1g","20, 75"
Constipation,"Pain, Rash, Fatigue, Weight loss","Ciprofloxacin, Omeprazole","Zinetac, Brufen","5mg, 1g","50, 100"
Back Pain,"Rash, Shortness of breath, Pain, Dizziness","Omeprazole, Metronidazole","Ciplox, Claritine","500mg, 200mg","100, 30"
Gastritis,"Joint pain, Fever, Rash, Chills","Paracetamol, Ciprofloxacin","Flagyl, Brufen","200mg, 1g","30, 150"
Common Cold,"Rash, Itching, Pain, Weight loss","Loratadine, Paracetamol","Ciplox, Crocin","100mg, 250mg","50, 200"
Diarrhea,"Itching, Sore throat, Fever, Fatigue","Loratadine, Amoxicillin","Omez, Zinetac","10mg, 1g","20, 30"
Gastritis,"Itching, Shortness of breath, Headache, Fatigue","Ranitidine, Ciprofloxacin","Omez, Zinetac","1g, 10mg","200, 50"
Depression,"Sore throat, Pain, Itching, Weight loss","Paracetamol, Ranitidine","Omez, Flagyl","10mg, 1g","200, 150"
Back Pain,"Sweating, Rash, Fatigue, Chills","Azithromycin, Ciprofloxacin","Brufen, Claritine","250mg, 100mg","30, 20"
Common Cold,"Dizziness, Sore throat, Vomiting, Rash","Amoxicillin, Ibuprofen","Azithral, Brufen","200mg, 250mg","30, 20"
Diarrhea,"Dizziness, Headache, Chills, Vomiting","Cetirizine, Azithromycin","Azithral, Alerid","10mg, 500mg","30, 20"
Depression,"Chest tightness, Chills, Fever, Headache","Metronidazole, Ranitidine","Augmentin, Brufen","5mg, 10mg","30, 200"
Indigestion,"Vomiting, Joint pain, Shortness of breath, Nausea","Ibuprofen, Metronidazole","Claritine, Flagyl","200mg, 250mg","20, 150"
Dengue,"Rash, Chest tightness, Dizziness, Itching","Azithromycin, Cetirizine","Crocin, Brufen","500mg, 5mg","75, 100"
Indigestion,"Itching, Fatigue, Fever, Pain","Omeprazole, Loratadine","Alerid, Zinetac","250mg, 500mg","200, 30"
Bronchitis,"Joint pain, Shortness of breath, Rash, Chills","Ciprofloxacin, Loratadine","Zinetac, Crocin","250mg, 200mg","20, 30"
Back Pain,"Rash, Cough, Fever, Chest tightness","Ranitidine, Omeprazole","Crocin, Brufen","5mg, 100mg","30, 50"
COVID-19,"Chest tightness, Pain, Weight loss, Rash","Paracetamol, Cetirizine","Augmentin, Crocin","10mg, 5mg","200, 75"
Acne,"Joint pain, Itching, Fever, Nausea","Metronidazole, Loratadine","Alerid, Brufen","250mg, 500mg","200, 20"
Depression,"Chills, Fatigue, Rash, Vomiting","Azithromycin, Cetirizine","Augmentin, Zinetac","200mg, 10mg","150, 20"
Flu,"Dizziness, Sweating, Fatigue, Chest tightness","Amoxicillin, Ciprofloxacin","Brufen, Ciplox","5mg, 1g","50, 20"
Cholera,"Weight loss, Chest tightness, Dizziness, Shortness of breath","Azithromycin, Omeprazole","Claritine, Flagyl","1g, 200mg","75, 150"
Dengue,"Nausea, Dizziness, Fever, Weight loss","Azithromycin, Loratadine","Omez, Claritine","200mg, 100mg","30, 150"
Epilepsy,"Itching, Pain, Fatigue, Vomiting","Paracetamol, Omeprazole","Alerid, Azithral","500mg, 100mg","50, 150"
Alzheimer's,"Chest tightness, Cough, Dizziness, Joint pain","Loratadine, Ibuprofen","Azithral, Alerid","200mg, 100mg","75, 200"
Glaucoma,"Fatigue, Fever, Headache, Chills","Amoxicillin, Cetirizine","Ciplox, Crocin","1g, 10mg","50, 20"
HIV,"Vomiting, Sore throat, Headache, Joint pain","Ciprofloxacin, Azithromycin","Zinetac, Crocin","200mg, 500mg","75, 20"
Diarrhea,"Itching, Chest tightness, Nausea, Rash","Ciprofloxacin, Metronidazole","Flagyl, Claritine","200mg, 1g","200, 50"
Gout,"Cough, Chest tightness, Vomiting, Joint pain","Azithromycin, Ranitidine","Ciplox, Omez","5mg, 500mg","200, 150"
COVID-19,"Headache, Vomiting, Weight loss, Joint pain","Amoxicillin, Azithromycin","Brufen, Azithral","250mg, 500mg","50, 150"
Epilepsy,"Weight loss, Chills, Cough, Nausea","Metronidazole, Ranitidine","Azithral, Omez","1g, 200mg","30, 20"
COVID-19,"Nausea, Fever, Itching, Cough","Amoxicillin, Ibuprofen","Crocin, Omez","10mg, 250mg","20, 75"
COVID-19,"Chest tightness, Weight loss, Joint pain, Shortness of breath","Ranitidine, Omeprazole","Augmentin, Brufen","1g, 200mg","30, 150"
Acne,"Rash, Headache, Cough, Fatigue","Amoxicillin, Metronidazole","Augmentin, Alerid","200mg, 100mg","75, 20"
Ear Infection,"Fever, Chills, Headache, Dizziness","Ciprofloxacin, Paracetamol","Flagyl, Ciplox","100mg, 10mg","75, 200"
Constipation,"Weight loss, Shortness of breath, Fever, Chest tightness","Ranitidine, Omeprazole","Azithral, Crocin","5mg, 250mg","150, 50"
Anxiety,"Shortness of breath, Sweating, Headache, Itching","Omeprazole, Ciprofloxacin","Claritine, Zinetac","250mg, 10mg","30, 50"
Gout,"Chest tightness, Rash, Sore throat, Cough","Cetirizine, Paracetamol","Crocin, Brufen","5mg, 250mg","100, 75"
Allergy,"Dizziness, Joint pain, Itching, Fever","Ranitidine, Loratadine","Ciplox, Omez","5mg, 10mg","50, 20"
Depression,"Weight loss, Joint pain, Itching, Sore throat","Ciprofloxacin, Ibuprofen","Ciplox, Azithral","200mg, 500mg","20, 75"
Insomnia,"Joint pain, Weight loss, Sweating, Vomiting","Ranitidine, Omeprazole","Crocin, Azithral","250mg, 10mg","200, 50"
Dengue,"Headache, Chest tightness, Fatigue, Pain","Ibuprofen, Azithromycin","Brufen, Augmentin","5mg, 250mg","50, 20"
Chickenpox,"Weight loss, Vomiting, Chills, Dizziness","Cetirizine, Paracetamol","Brufen, Zinetac","500mg, 1g","150, 200"
Allergy,"Cough, Shortness of breath, Fever, Pain","Ibuprofen, Omeprazole","Augmentin, Azithral","1g, 200mg","50, 30"
Chickenpox,"Fever, Rash, Sweating, Nausea","Metronidazole, Amoxicillin","Zinetac, Ciplox","10mg, 1g","150, 200"
Gastritis,"Joint pain, Sore throat, Weight loss, Nausea","Azithromycin, Metronidazole","Brufen, Ciplox","500mg, 10mg","30, 100"
Cholera,"Headache, Weight loss, Sweating, Shortness of breath","Azithromycin, Cetirizine","Augmentin, Claritine","1g, 200mg","150, 50"
Common Cold,"Chills, Fatigue, Weight loss, Nausea","Metronidazole, Cetirizine","Flagyl, Claritine","500mg, 1g","50, 30"
Bronchitis,"Sore throat, Fatigue, Nausea, Fever","Cetirizine, Omeprazole","Zinetac, Augmentin","100mg, 200mg","200, 150"
Allergy,"Chest tightness, Headache, Vomiting, Sore throat","Ciprofloxacin, Ibuprofen","Ciplox, Azithral","100mg, 500mg","200, 20"
Depression,"Itching, Headache, Sweating, Cough","Ibuprofen, Ciprofloxacin","Augmentin, Claritine","5mg, 1g","100, 50"
Glaucoma,"Rash, Joint pain, Headache, Weight loss","Ciprofloxacin, Ranitidine","Brufen, Claritine","200mg, 100mg","75, 20"
Constipation,"Headache, Weight loss, Dizziness, Fever","Omeprazole, Paracetamol","Ciplox, Omez","1g, 200mg","50, 20"
Flu,"Chills, Weight loss, Vomiting, Sweating","Loratadine, Cetirizine","Zinetac, Flagyl","100mg, 5mg","30, 75"
Gout,"Sore throat, Itching, Sweating, Cough","Paracetamol, Loratadine","Ciplox, Alerid","500mg, 5mg","20, 200"
COVID-19,"Pain, Headache, Joint pain, Rash","Metronidazole, Ciprofloxacin","Omez, Azithral","500mg, 100mg","50, 200"
Eye Infection,"Itching, Cough, Sweating, Rash","Loratadine, Azithromycin","Augmentin, Omez","500mg, 1g","100, 200"
Insomnia,"Dizziness, Fever, Rash, Nausea","Paracetamol, Ibuprofen","Augmentin, Omez","10mg, 250mg","50, 150"
Hepatitis,"Pain, Fatigue, Fever, Vomiting","Omeprazole, Amoxicillin","Augmentin, Ciplox","200mg, 1g","150, 75"
Chickenpox,"Dizziness, Weight loss, Chills, Sweating","Ranitidine, Metronidazole","Claritine, Crocin","1g, 10mg","75, 150"
Indigestion,"Itching, Cough, Chills, Vomiting","Ibuprofen, Ciprofloxacin","Brufen, Omez","5mg, 500mg","75, 150"
Gout,"Weight loss, Fatigue, Headache, Sweating","Metronidazole, Ciprofloxacin","Omez, Ciplox","10mg, 5mg","200, 50"
Allergy,"Headache, Fever, Dizziness, Itching","Omeprazole, Loratadine","Alerid, Azithral","10mg, 250mg","200, 20"
Hepatitis,"Headache, Itching, Joint pain, Fatigue","Cetirizine, Paracetamol","Brufen, Claritine","10mg, 200mg","75, 30"
COVID-19,"Cough, Chest tightness, Chills, Nausea","Metronidazole, Ranitidine","Azithral, Augmentin","1g, 5mg","50, 30"
Depression,"Sore throat, Pain, Joint pain, Chest tightness","Amoxicillin, Loratadine","Augmentin, Crocin","500mg, 200mg","200, 100"
Allergy,"Joint pain, Shortness of breath, Fatigue, Chest tightness","Amoxicillin, Omeprazole","Brufen, Omez","100mg, 5mg","100, 30"
Diarrhea,"Fatigue, Chills, Chest tightness, Shortness of breath","Azithromycin, Paracetamol","Alerid, Omez","500mg, 250mg","75, 200"
Gout,"Fatigue, Sore throat, Fever, Chest tightness","Loratadine, Azithromycin","Flagyl, Azithral","500mg, 1g","50, 150"
Gout,"Joint pain, Sore throat, Vomiting, Cough","Ibuprofen, Amoxicillin","Alerid, Claritine","200mg, 1g","100, 200"
Hepatitis,"Shortness of breath, Fatigue, Sore throat, Rash","Ranitidine, Azithromycin","Zinetac, Augmentin","250mg, 100mg","50, 75"
Eye Infection,"Chills, Headache, Fatigue, Cough","Amoxicillin, Ranitidine","Azithral, Omez","500mg, 100mg","200, 30"
HIV,"Shortness of breath, Cough, Rash, Headache","Cetirizine, Ciprofloxacin","Augmentin, Flagyl","1g, 5mg","150, 50"
Back Pain,"Chills, Rash, Fatigue, Shortness of breath","Amoxicillin, Ciprofloxacin","Brufen, Augmentin","250mg, 5mg","30, 200"
Constipation,"Cough, Sweating, Dizziness, Pain","Ibuprofen, Amoxicillin","Azithral, Zinetac","500mg, 100mg","100, 50"
Common Cold,"Chills, Nausea, Chest tightness, Dizziness","Azithromycin, Metronidazole","Ciplox, Brufen","250mg, 1g","100, 30"
Chickenpox,"Chest tightness, Fatigue, Chills, Dizziness","Ciprofloxacin, Ranitidine","Alerid, Azithral","500mg, 200mg","150, 20"
Chickenpox,"Joint pain, Cough, Headache, Sweating","Ibuprofen, Omeprazole","Azithral, Crocin","500mg, 5mg","30, 100"
Bronchitis,"Chills, Headache, Weight loss, Pain","Omeprazole, Paracetamol","Ciplox, Azithral","200mg, 500mg","150, 30"
Eye Infection,"Rash, Shortness of breath, Pain, Chest tightness","Ciprofloxacin, Omeprazole","Flagyl, Alerid","500mg, 100mg","75, 100"
Eye Infection,"Headache, Fever, Nausea, Shortness of breath","Cetirizine, Amoxicillin","Crocin, Omez","200mg, 500mg","50, 150"
HIV,"Vomiting, Weight loss, Rash, Shortness of breath","Metronidazole, Azithromycin","Zinetac, Alerid","200mg, 100mg","75, 200"
Glaucoma,"Chest tightness, Sore throat, Shortness of breath, Nausea","Omeprazole, Azithromycin","Claritine, Augmentin","250mg, 100mg","20, 150"
Allergy,"Joint pain, Chest tightness, Vomiting, Itching","Omeprazole, Ciprofloxacin","Augmentin, Zinetac","100mg, 1g","100, 20"
Insomnia,"Headache, Chills, Sore throat, Rash","Cetirizine, Loratadine","Crocin, Ciplox","10mg, 500mg","150, 20"
Flu,"Chills, Sore throat, Rash, Cough","Ranitidine, Loratadine","Ciplox, Azithral","500mg, 250mg","200, 30"
Back Pain,"Headache, Chest tightness, Shortness of breath, Chills","Azithromycin, Cetirizine","Claritine, Crocin","500mg, 250mg","30, 75"
COVID-19,"Sore throat, Dizziness, Vomiting, Rash","Ibuprofen, Amoxicillin","Brufen, Flagyl","250mg, 5mg","50, 30"
Indigestion,"Headache, Shortness of breath, Sore throat, Nausea","Ranitidine, Cetirizine","Crocin, Ciplox","250mg, 100mg","75, 20"
Ear Infection,"Dizziness, Chest tightness, Weight loss, Cough","Metronidazole, Ranitidine","Brufen, Claritine","5mg, 200mg","100, 75"
Allergy,"Itching, Headache, Sweating, Weight loss","Cetirizine, Paracetamol","Claritine, Brufen","1g, 200mg","150, 200"
Chickenpox,"Sweating, Joint pain, Itching, Rash","Paracetamol, Omeprazole","Brufen, Alerid","5mg, 1g","20, 150"
Ear Infection,"Rash, Chills, Sore throat, Dizziness","Azithromycin, Metronidazole","Zinetac, Azithral","500mg, 10mg","150, 75"
Ear Infection,"Chest tightness, Fatigue, Fever, Nausea","Ranitidine, Ciprofloxacin","Ciplox, Zinetac","100mg, 5mg","100, 75"
Cholera,"Fatigue, Chest tightness, Joint pain, Chills","Metronidazole, Ibuprofen","Ciplox, Azithral","1g, 100mg","150, 20"
Hepatitis,"Nausea, Fatigue, Weight loss, Sore throat","Loratadine, Azithromycin","Zinetac, Brufen","1g, 500mg","100, 50"
Flu,"Joint pain, Weight loss, Vomiting, Sweating","Ibuprofen, Ranitidine","Zinetac, Brufen","500mg, 100mg","50, 100"
Dengue,"Sweating, Cough, Nausea, Pain","Amoxicillin, Metronidazole","Alerid, Augmentin","1g, 500mg","200, 30"
Acne,"Fever, Rash, Pain, Nausea","Metronidazole, Amoxicillin","Flagyl, Azithral","5mg, 250mg","20, 50"
Dengue,"Chills, Chest tightness, Itching, Rash","Ibuprofen, Loratadine","Crocin, Flagyl","10mg, 500mg","150, 30"
Bronchitis,"Cough, Weight loss, Fatigue, Headache","Omeprazole, Amoxicillin","Zinetac, Crocin","250mg, 200mg","50, 100"
Common Cold,"Sore throat, Headache, Fever, Chest tightness","Amoxicillin, Azithromycin","Flagyl, Claritine","1g, 200mg","30, 150"
Epilepsy,"Joint pain, Pain, Chills, Itching","Omeprazole, Ibuprofen","Ciplox, Azithral","500mg, 5mg","30, 20"
Acne,"Rash, Sweating, Vomiting, Nausea","Cetirizine, Metronidazole","Alerid, Claritine","100mg, 200mg","200, 100"
Hepatitis,"Dizziness, Fatigue, Chest tightness, Chills","Loratadine, Amoxicillin","Omez, Zinetac","250mg, 200mg","30, 100"
Epilepsy,"Chest tightness, Shortness of breath, Sore throat, Dizziness","Ibuprofen, Metronidazole","Zinetac, Augmentin","100mg, 5mg","75, 30"
Flu,"Fatigue, Vomiting, Chest tightness, Chills","Amoxicillin, Ibuprofen","Crocin, Ciplox","100mg, 1g","100, 75"
Depression,"Fever, Sweating, Pain, Rash","Ranitidine, Metronidazole","Azithral, Claritine","500mg, 250mg","200, 150"
Flu,"Itching, Vomiting, Sweating, Shortness of breath","Ciprofloxacin, Ranitidine","Claritine, Alerid","10mg, 100mg","200, 150"
Eye Infection,"Cough, Dizziness, Pain, Rash","Omeprazole, Paracetamol","Zinetac, Ciplox","10mg, 500mg","200, 100"
Ear Infection,"Shortness of breath, Fever, Itching, Headache","Paracetamol, Ciprofloxacin","Zinetac, Azithral","200mg, 500mg","200, 100"
Hepatitis,"Sweating, Weight loss, Rash, Vomiting","Ibuprofen, Cetirizine","Brufen, Zinetac","500mg, 5mg","100, 75"
Common Cold,"Weight loss, Pain, Rash, Shortness of breath","Cetirizine, Azithromycin","Omez, Flagyl","500mg, 100mg","150, 100"
Epilepsy,"Sweating, Joint pain, Fever, Fatigue","Cetirizine, Ibuprofen","Crocin, Azithral","5mg, 1g","75, 50"
Back Pain,"Shortness of breath, Cough, Dizziness, Fatigue","Ranitidine, Paracetamol","Crocin, Omez","250mg, 100mg","50, 75"
Eye Infection,"Fatigue, Fever, Headache, Shortness of breath","Ciprofloxacin, Azithromycin","Brufen, Zinetac","200mg, 250mg","150, 20"
Acne,"Sore throat, Itching, Cough, Weight loss","Metronidazole, Amoxicillin","Zinetac, Claritine","1g, 10mg","50, 75"
Bronchitis,"Joint pain, Sweating, Headache, Weight loss","Ciprofloxacin, Amoxicillin","Alerid, Flagyl","100mg, 10mg","20, 30"
COVID-19,"Shortness of breath, Cough, Sweating, Weight loss","Paracetamol, Cetirizine","Alerid, Claritine","250mg, 500mg","100, 75"
Gout,"Sore throat, Itching, Fatigue, Dizziness","Paracetamol, Amoxicillin","Brufen, Augmentin","1g, 5mg","200, 150"
Flu,"Pain, Dizziness, Sore throat, Nausea","Loratadine, Amoxicillin","Omez, Alerid","1g, 250mg","75, 100"
Indigestion,"Weight loss, Itching, Fever, Nausea","Azithromycin, Ranitidine","Ciplox, Claritine","500mg, 10mg","30, 50"
Bronchitis,"Joint pain, Chest tightness, Sore throat, Fatigue","Amoxicillin, Paracetamol","Azithral, Crocin","5mg, 250mg","75, 150"
Back Pain,"Fatigue, Sore throat, Headache, Chest tightness","Ciprofloxacin, Azithromycin","Alerid, Flagyl","5mg, 1g","100, 200"
Hepatitis,"Vomiting, Dizziness, Fatigue, Chest tightness","Azithromycin, Amoxicillin","Zinetac, Ciplox","250mg, 100mg","50, 30"
Chickenpox,"Weight loss, Sore throat, Nausea, Rash","Ranitidine, Ciprofloxacin","Crocin, Claritine","5mg, 500mg","75, 30"
Back Pain,"Fatigue, Dizziness, Rash, Sore throat","Loratadine, Cetirizine","Azithral, Augmentin","250mg, 1g","50, 75"
Flu,"Weight loss, Joint pain, Chills, Fatigue","Ciprofloxacin, Omeprazole","Crocin, Ciplox","1g, 500mg","75, 30"
Eye Infection,"Dizziness, Vomiting, Headache, Rash","Metronidazole, Paracetamol","Zinetac, Omez","5mg, 250mg","150, 200"
Hepatitis,"Headache, Sore throat, Joint pain, Pain","Ranitidine, Azithromycin","Claritine, Crocin","250mg, 10mg","30, 50"
HIV,"Fatigue, Chest tightness, Fever, Pain","Ibuprofen, Azithromycin","Alerid, Azithral","10mg, 100mg","100, 150"
Indigestion,"Cough, Rash, Dizziness, Headache","Amoxicillin, Cetirizine","Augmentin, Claritine","5mg, 10mg","200, 150"
Diarrhea,"Sore throat, Dizziness, Sweating, Shortness of breath","Amoxicillin, Metronidazole","Alerid, Augmentin","100mg, 200mg","50, 100"
Constipation,"Shortness of breath, Cough, Dizziness, Chills","Loratadine, Ibuprofen","Ciplox, Brufen","100mg, 250mg","100, 75"
Anxiety,"Weight loss, Chest tightness, Sore throat, Cough","Ibuprofen, Ciprofloxacin","Flagyl, Brufen","100mg, 200mg","100, 75"
Chickenpox,"Sweating, Rash, Fatigue, Chest tightness","Ibuprofen, Loratadine","Ciplox, Alerid","500mg, 10mg","75, 200"
Epilepsy,"Joint pain, Chills, Headache, Fatigue","Cetirizine, Loratadine","Crocin, Claritine","1g, 5mg","20, 150"
Common Cold,"Pain, Chest tightness, Sweating, Joint pain","Ranitidine, Ciprofloxacin","Claritine, Azithral","250mg, 5mg","100, 50"
Hepatitis,"Sweating, Cough, Dizziness, Chest tightness","Paracetamol, Cetirizine","Azithral, Crocin","5mg, 200mg","20, 200"
Depression,"Joint pain, Fever, Sore throat, Shortness of breath","Ranitidine, Omeprazole","Zinetac, Claritine","10mg, 500mg","150, 30"
Indigestion,"Joint pain, Weight loss, Chest tightness, Sore throat","Loratadine, Omeprazole","Claritine, Augmentin","500mg, 250mg","100, 75"
Acne,"Vomiting, Fatigue, Sweating, Dizziness","Loratadine, Omeprazole","Azithral, Zinetac","1g, 250mg","200, 30"
Epilepsy,"Pain, Dizziness, Chills, Joint pain","Omeprazole, Metronidazole","Crocin, Omez","1g, 250mg","200, 100"
Constipation,"Nausea, Chest tightness, Fever, Fatigue","Paracetamol, Metronidazole","Azithral, Alerid","10mg, 5mg","100, 30"
Insomnia,"Itching, Headache, Chest tightness, Shortness of breath","Paracetamol, Ciprofloxacin","Ciplox, Crocin","200mg, 5mg","50, 75"
Ear Infection,"Cough, Dizziness, Pain, Nausea","Omeprazole, Metronidazole","Crocin, Azithral","5mg, 1g","150, 20"
